{"cameraMode":{"drawMode":0,"name":"Shaded","section":"Shading Mode"},"sceneLighting":true,"audioPlay":false,"sceneViewState":{"m_AlwaysRefresh":false,"showFog":true,"showSkybox":true,"showFlares":true,"showImageEffects":true,"showParticleSystems":true,"showVisualEffectGraphs":true,"m_FxEnabled":true},"in2DMode":false,"pivot":{"x":0.8937355279922485,"y":1.8058626651763917,"z":-4.683623790740967},"rotation":{"x":0.18614670634269715,"y":-0.3542432487010956,"z":0.07217703014612198,"w":0.9135960936546326},"size":3.126676321029663,"orthographic":true}